来源表,字段代码,字段名称,展示名称,层级,单位代码,单位说明,公式
财务摘要,FDMT_SUMMARY_IS,利润表摘要,利润表摘要,1,3,分组/标题,
财务摘要,tRevenue,营业总收入,营业总收入,2,0,金额类,
财务摘要,revenue,营业收入,营业收入,2,0,金额类,
财务摘要,revenueYOY,营业收入同比(YOY),营业收入同比(YOY),2,1,比例类,
财务摘要,COGS,营业成本,营业成本,2,0,金额类,
财务摘要,operateProfit,营业利润,营业利润,2,0,金额类,
财务摘要,operProfitYOY,营业利润同比(YOY),营业利润同比(YOY),2,1,比例类,
财务摘要,TProfit,利润总额,利润总额,2,0,金额类,
财务摘要,tProfitYOY,利润总额同比(YOY),利润总额同比(YOY),2,1,比例类,
财务摘要,NIncome,净利润,净利润,2,0,金额类,
财务摘要,NIYOY,净利润同比(YOY),净利润同比(YOY),2,1,比例类,
财务摘要,NIncomeAttrP,归属于母公司所有者的净利润,归属于母公司所有者的净利润,2,0,金额类,
财务摘要,niAttrPYOY,归属母公司股东的净利润同比(YOY),归属母公司股东的净利润同比(YOY),2,1,比例类,
财务摘要,nrProfitLoss,非经常性损益,非经常性损益,2,0,金额类,
财务摘要,niAttrPCut,扣非后归属于母公司股东的净利润,扣非后归属于母公司股东的净利润,2,0,金额类,
财务摘要,niAttrPCutYOY,扣非后归属母公司股东的净利润(同比),扣非后归属母公司股东的净利润(同比),2,1,比例类,
财务摘要,EBIT,息税前利润,息税前利润,2,0,金额类,
财务摘要,EBITDA,息税折旧摊销前利润,息税折旧摊销前利润,2,0,金额类,
财务摘要,FDMT_SUMMARY_BS,资产负债表摘要,资产负债表摘要,1,3,分组/标题,
财务摘要,TCA,流动资产,流动资产,2,0,金额类,
财务摘要,fixedAssets,固定资产,固定资产,2,0,金额类,
财务摘要,LTEquityInvest,长期股权投资,长期股权投资,2,0,金额类,
财务摘要,TAssets,资产总计,资产总计,2,0,金额类,
财务摘要,taYOY,资产总计同比(YOY),资产总计同比(YOY),2,1,比例类,
财务摘要,TCL,流动负债,流动负债,2,0,金额类,
财务摘要,TNCL,非流动负债,非流动负债,2,0,金额类,
财务摘要,TLiab,负债合计,负债合计,2,0,金额类,
财务摘要,tlYOY,负债合计同比(YOY),负债合计同比(YOY),2,1,比例类,
财务摘要,TShEquity,股东权益,股东权益,2,0,金额类,
财务摘要,naYOY,股东权益同比(YOY),股东权益同比(YOY),2,1,比例类,
财务摘要,TEquityAttrP,归属母公司股东的权益,归属母公司股东的权益,2,0,金额类,
财务摘要,teAttrPYOY,归属母公司股东的权益同比(YOY),归属母公司股东的权益同比(YOY),2,1,比例类,
财务摘要,capitalReser,资本公积,资本公积,2,0,金额类,
财务摘要,surplusReser,盈余公积,盈余公积,2,0,金额类,
财务摘要,retainedEarnings,未分配利润,未分配利润,2,0,金额类,
财务摘要,FDMT_SUMMARY_CF,现金流量表摘要,现金流量表摘要,1,3,分组/标题,
财务摘要,CFrSaleGS,销售商品、提供劳务收到的现金,销售商品、提供劳务收到的现金,2,0,金额类,
财务摘要,NCFOperateANotes,经营活动现金净流量,经营活动现金净流量,2,0,金额类,
财务摘要,purFixAssetsOth,购建固定资产、无形资产和其他长期资产支付的现金,购建固定资产、无形资产和其他长期资产支付的现金,2,0,金额类,
财务摘要,CPaidInvest,投资支付的现金,投资支付的现金,2,0,金额类,
财务摘要,NCFFrInvestA,投资活动产生的现金流量净额,投资活动产生的现金流量净额,2,0,金额类,
财务摘要,CFrCapContr,吸收投资收到的现金,吸收投资收到的现金,2,0,金额类,
财务摘要,CFrBorr,取得借款收到的现金,取得借款收到的现金,2,0,金额类,
财务摘要,NCFFrFinanA,筹资活动产生的现金流量净额,筹资活动产生的现金流量净额,2,0,金额类,
财务摘要,NChangeInCash,现金及现金等价物净增加额,现金及现金等价物净增加额,2,0,金额类,
财务摘要,NCEEndBal,期末现金及现金等价物余额,期末现金及现金等价物余额,2,0,金额类,
财务摘要,DA,折旧与摊销,折旧与摊销,2,0,金额类,
财务摘要,FDMT_SUMMARY_MAIN,主要财务指标,主要财务指标,1,3,分组/标题,
财务摘要,grossMARgin,销售毛利率,销售毛利率,2,1,比例类,
财务摘要,sellExpTR,销售费用/营业总收入,销售费用/营业总收入,2,1,比例类,
财务摘要,adminExpTR,管理费用/营业总收入,管理费用/营业总收入,2,1,比例类,
财务摘要,finanExpTR,财务费用/营业总收入,财务费用/营业总收入,2,1,比例类,
财务摘要,rDExpTR,研发费用/营业总收入,研发费用/营业总收入,2,1,比例类,
财务摘要,operateProfitRatio,营业利润/营业总收入,营业利润/营业总收入,2,1,比例类,
财务摘要,EBITMARgin,息税前利润/营业总收入,息税前利润/营业总收入,2,1,比例类,
财务摘要,EBITDAMARgin,息税折旧摊销前利润/营业总收入,息税折旧摊销前利润/营业总收入,2,1,比例类,
财务摘要,itTp,所得税/利润总额,所得税/利润总额,2,1,比例类,
财务摘要,npMARgin,销售净利率,销售净利率,2,1,比例类,
财务摘要,CFsgsR,销售商品提供劳务收到的现金/营业收入,销售商品提供劳务收到的现金/营业收入,2,1,比例类,
财务摘要,ROE,净资产收益率-摊薄,净资产收益率-摊薄,2,1,比例类,
财务摘要,ROEW,净资产收益率-加权平均,净资产收益率-加权平均,2,1,比例类,
财务摘要,ROA,总资产报酬率,总资产报酬率,2,1,比例类,
财务摘要,ROIC,投入资本回报率,投入资本回报率,2,1,比例类,
财务摘要,asseTLiabRatio,资产负债率,资产负债率,2,1,比例类,
财务摘要,equityRatio,产权比率(负债合计/所有者权益),产权比率(负债合计/所有者权益),2,3,分组/标题,
财务摘要,taTurnover,总资产周转率(次),总资产周转率(次),2,4,周转/次数类,
财务摘要,ARTurnover,应收账款周转率(次),应收账款周转率(次),2,4,周转/次数类,
财务摘要,invenTurnover,存货周转率(次),存货周转率(次),2,4,周转/次数类,
财务摘要,currentRatio,流动比率,流动比率,2,3,分组/标题,
财务摘要,quickRatio,速动比率,速动比率,2,3,分组/标题,
财务摘要,basicEPS,每股收益-基本,每股收益-基本,2,2,每股类,
财务摘要,dilutedEPS,每股收益-稀释,每股收益-稀释,2,2,每股类,
财务摘要,EPS,每股收益-期末股本摊薄,每股收益-期末股本摊薄,2,2,每股类,
财务摘要,divRatio,股息率,股息率,2,1,比例类,
财务摘要,nAssetsPS,每股净资产,每股净资产,2,2,每股类,
财务摘要,nCInCashPS,每股现金流,每股现金流,2,2,每股类,
资产负债表,ASSETS,资产,资产,1,3,分组/标题,
资产负债表,cashCEquiv,货币资金,货币资金,2,0,金额类,
资产负债表,settProv,结算备付金,结算备付金,2,0,金额类,
资产负债表,loanToBankFi,拆出资金,拆出资金,2,0,金额类,
资产负债表,tradingFa,交易性金融资产,交易性金融资产,2,0,金额类,
资产负债表,derivAssets,衍生金融资产,衍生金融资产,2,0,金额类,
资产负债表,nrAr,应收票据及应收账款,应收票据及应收账款,2,0,金额类,
资产负债表,notes/R,应收票据及应收账款:应收票据,  应收票据及应收账款:应收票据,2,0,金额类,
资产负债表,AR,应收票据及应收账款:应收账款,  应收票据及应收账款:应收账款,2,0,金额类,
资产负债表,finan/R,应收票据及应收账款:应收款项融资,  应收票据及应收账款:应收款项融资,2,0,金额类,
资产负债表,prepayment,预付款项,预付款项,2,0,金额类,
资产负债表,premium/R,应收保费,应收保费,2,0,金额类,
资产负债表,reinsur/R,应收分保账款,应收分保账款,2,0,金额类,
资产负债表,reinsurReser/R,应收分保合同准备金,应收分保合同准备金,2,0,金额类,
资产负债表,oth/RT,其他应收款(合计),其他应收款(合计),2,0,金额类,
资产负债表,int/R,其他应收款(合计):应收利息,  其他应收款(合计):应收利息,2,0,金额类,
资产负债表,div/R,其他应收款(合计):应收股利,  其他应收款(合计):应收股利,2,0,金额类,
资产负债表,oth/R,其他应收款(合计):其他应收款,  其他应收款(合计):其他应收款,2,0,金额类,
资产负债表,purResaleFa,买入返售金融资产,买入返售金融资产,2,0,金额类,
资产负债表,inventories,存货,存货,2,0,金额类,
资产负债表,contAssets,合同资产,合同资产,2,0,金额类,
资产负债表,assetsHFSale,持有待售资产,持有待售资产,2,0,金额类,
资产负债表,ncaWithin1Y,一年内到期的非流动资产,一年内到期的非流动资产,2,0,金额类,
资产负债表,othCa,其他流动资产,其他流动资产,2,0,金额类,
资产负债表,CAE,流动资产的特殊项目,流动资产的特殊项目,2,0,金额类,
资产负债表,CAA,流动资产的差错金额,流动资产的差错金额,2,0,金额类,
资产负债表,tCa,流动资产合计,流动资产合计,2,0,金额类,
资产负债表,disburLa,发放委托贷款及垫款,发放委托贷款及垫款,2,0,金额类,
资产负债表,tradOthCompreFa,以公允价值计量且其变动计入其他综合收益的金融资产,以公允价值计量且其变动计入其他综合收益的金融资产,2,0,金额类,
资产负债表,tradAmortizeFa,以摊余成本计量的金融资产,以摊余成本计量的金融资产,2,0,金额类,
资产负债表,availFSaleFa,可供出售金融资产,可供出售金融资产,2,0,金额类,
资产负债表,htmInvest,持有至到期投资,持有至到期投资,2,0,金额类,
资产负债表,debtInvest,债权投资,债权投资,2,0,金额类,
资产负债表,othDebtInvest,其他债权投资,其他债权投资,2,0,金额类,
资产负债表,lt/R,长期应收款,长期应收款,2,0,金额类,
资产负债表,ltEquityInvest,长期股权投资,长期股权投资,2,0,金额类,
资产负债表,othEquityInvest,其他权益工具投资,其他权益工具投资,2,0,金额类,
资产负债表,assetsNc,其他非流动金融资产,其他非流动金融资产,2,0,金额类,
资产负债表,invRealEstate,投资性房地产,投资性房地产,2,0,金额类,
资产负债表,fixAssetsT,固定资产(合计),固定资产(合计),2,0,金额类,
资产负债表,fixedAssets,固定资产(合计):固定资产,  固定资产(合计):固定资产,2,0,金额类,
资产负债表,fixAssetsD,固定资产(合计):固定资产清理,  固定资产(合计):固定资产清理,2,0,金额类,
资产负债表,cipTotal,在建工程(合计),在建工程(合计),2,0,金额类,
资产负债表,CIP,在建工程(合计):在建工程,  在建工程(合计):在建工程,2,0,金额类,
资产负债表,constMaterials,在建工程(合计):工程物资,  在建工程(合计):工程物资,2,0,金额类,
资产负债表,prodBiolAssets,生产性生物资产,生产性生物资产,2,0,金额类,
资产负债表,cwBiolAssets,公益性生物资产,公益性生物资产,2,0,金额类,
资产负债表,oilGasAssets,油气资产,油气资产,2,0,金额类,
资产负债表,usageAssets,使用权资产,使用权资产,2,0,金额类,
资产负债表,intanAssets,无形资产,无形资产,2,0,金额类,
资产负债表,RD,研发支出,研发支出,2,0,金额类,
资产负债表,goodwill,商誉,商誉,2,0,金额类,
资产负债表,ltAmorExp,长期待摊费用,长期待摊费用,2,0,金额类,
资产负债表,DTA,递延所得税资产,递延所得税资产,2,0,金额类,
资产负债表,othNca,其他非流动资产,其他非流动资产,2,0,金额类,
资产负债表,NCAE,非流动资产的特殊项目,非流动资产的特殊项目,2,0,金额类,
资产负债表,NCAA,非流动资产的差错金额,非流动资产的差错金额,2,0,金额类,
资产负债表,tNca,非流动资产合计,非流动资产合计,2,0,金额类,
资产负债表,AE,资产的特殊项目,资产的特殊项目,2,0,金额类,
资产负债表,AA,资产的差错金额,资产的差错金额,2,0,金额类,
资产负债表,tAssets,资产总计,资产总计,2,0,金额类,
资产负债表,LIAB,负债,负债,1,3,分组/标题,
资产负债表,stBorr,短期借款,短期借款,2,0,金额类,
资产负债表,cbBorr,向中央银行借款,向中央银行借款,2,0,金额类,
资产负债表,depos,吸收存款,吸收存款,2,0,金额类,
资产负债表,loanFrBankFi,拆入资金,拆入资金,2,0,金额类,
资产负债表,tradingFl,交易性金融负债,交易性金融负债,2,0,金额类,
资产负债表,derivLia,衍生金融负债,衍生金融负债,2,0,金额类,
资产负债表,npAp,应付票据及应付账款,应付票据及应付账款,2,0,金额类,
资产负债表,notes/P,应付票据及应付账款:应付票据,  应付票据及应付账款:应付票据,2,0,金额类,
资产负债表,AP,应付票据及应付账款:应付账款,  应付票据及应付账款:应付账款,2,0,金额类,
资产负债表,advReceipts,预收款项,预收款项,2,0,金额类,
资产负债表,soldFRepurFa,卖出回购金融资产款,卖出回购金融资产款,2,0,金额类,
资产负债表,commis/P,应付手续费及佣金,应付手续费及佣金,2,0,金额类,
资产负债表,contLia,合同负债,合同负债,2,0,金额类,
资产负债表,payroll/P,应付职工薪酬,应付职工薪酬,2,0,金额类,
资产负债表,tax/P,应交税费,应交税费,2,0,金额类,
资产负债表,oth/PT,其他应付款(合计),其他应付款(合计),2,0,金额类,
资产负债表,int/P,其他应付款(合计):应付利息,  其他应付款(合计):应付利息,2,0,金额类,
资产负债表,div/P,其他应付款(合计):应付股利,  其他应付款(合计):应付股利,2,0,金额类,
资产负债表,oth/P,其他应付款(合计):其他应付款,  其他应付款(合计):其他应付款,2,0,金额类,
资产负债表,reinsur/P,应付分保账款,应付分保账款,2,0,金额类,
资产负债表,fundSecTradAgen,代理买卖证券款,代理买卖证券款,2,0,金额类,
资产负债表,fundSecUndwAgen,代理承销证券款,代理承销证券款,2,0,金额类,
资产负债表,liaHFSale,持有待售负债,持有待售负债,2,0,金额类,
资产负债表,nclWithin1Y,一年内到期的非流动负债,一年内到期的非流动负债,2,0,金额类,
资产负债表,accruedExp,预提费用,预提费用,2,0,金额类,
资产负债表,othCl,其他流动负债,其他流动负债,2,0,金额类,
资产负债表,CLE,流动负债的特殊项目,流动负债的特殊项目,2,0,金额类,
资产负债表,CLA,流动负债的差错金额,流动负债的差错金额,2,0,金额类,
资产负债表,tCl,流动负债合计,流动负债合计,2,0,金额类,
资产负债表,insurReser,保险合同准备金,保险合同准备金,2,0,金额类,
资产负债表,ltBorr,长期借款,长期借款,2,0,金额类,
资产负债表,bond/P,应付债券,应付债券,2,0,金额类,
资产负债表,preferStockL,应付债券:优先股,  应付债券:优先股,2,0,金额类,
资产负债表,perpeBondL,应付债券:永续债,  应付债券:永续债,2,0,金额类,
资产负债表,leaseLiab,租赁负债,租赁负债,2,0,金额类,
资产负债表,lt/PT,长期应付款(合计),长期应付款(合计),2,0,金额类,
资产负债表,lt/P,长期应付款(合计):长期应付款,  长期应付款(合计):长期应付款,2,0,金额类,
资产负债表,specific/P,长期应付款(合计):专项应付款,  长期应付款(合计):专项应付款,2,0,金额类,
资产负债表,ltPayroll/P,长期应付职工薪酬,长期应付职工薪酬,2,0,金额类,
资产负债表,estimatLia,预计负债,预计负债,2,0,金额类,
资产负债表,deferRev,递延收益,递延收益,2,0,金额类,
资产负债表,DTL,递延所得税负债,递延所得税负债,2,0,金额类,
资产负债表,othNcl,其他非流动负债,其他非流动负债,2,0,金额类,
资产负债表,NCLE,非流动负债的特殊项目,非流动负债的特殊项目,2,0,金额类,
资产负债表,NCLA,非流动负债的差错金额,非流动负债的差错金额,2,0,金额类,
资产负债表,tNcl,非流动负债合计,非流动负债合计,2,0,金额类,
资产负债表,LE,负债的特殊项目,负债的特殊项目,2,0,金额类,
资产负债表,LA,负债的差错金额,负债的差错金额,2,0,金额类,
资产负债表,tLia,负债合计,负债合计,2,0,金额类,
资产负债表,SH_EQUITY,所有者权益(或股东权益),所有者权益(或股东权益),1,3,分组/标题,
资产负债表,paidInCapital,实收资本(或股本),实收资本(或股本),2,0,金额类,
资产负债表,othEquityInstr,其他权益工具,其他权益工具,2,0,金额类,
资产负债表,preferStockE,其他权益工具:优先股,  其他权益工具:优先股,2,0,金额类,
资产负债表,perpeBondE,其他权益工具:永续债,  其他权益工具:永续债,2,0,金额类,
资产负债表,capitalReser,资本公积,资本公积,2,0,金额类,
资产负债表,treasuryShare,减:库存股,减:库存股,2,0,金额类,
资产负债表,othCompreInc,其他综合收益,其他综合收益,2,0,金额类,
资产负债表,specialReser,专项储备,专项储备,2,0,金额类,
资产负债表,surplusReser,盈余公积,盈余公积,2,0,金额类,
资产负债表,ordiRiskReser,一般风险准备,一般风险准备,2,0,金额类,
资产负债表,retainEarnings,未分配利润,未分配利润,2,0,金额类,
资产负债表,forexDiffer,外币报表折算差额,外币报表折算差额,2,0,金额类,
资产负债表,SEE,归属于母公司所有者权益的特殊项目,归属于母公司所有者权益的特殊项目,2,0,金额类,
资产负债表,SEA,归属于母公司所有者权益的差错金额,归属于母公司所有者权益的差错金额,2,0,金额类,
资产负债表,tEquityAttrP,归属于母公司所有者权益合计,归属于母公司所有者权益合计,2,0,金额类,
资产负债表,minorityInt,少数股东权益,少数股东权益,2,0,金额类,
资产负债表,othEffectSe,所有者权益的特殊项目,所有者权益的特殊项目,2,0,金额类,
资产负债表,othEffectSa,所有者权益的差错金额,所有者权益的差错金额,2,0,金额类,
资产负债表,tShEquity,所有者权益合计,所有者权益合计,2,0,金额类,
资产负债表,LIAB_EQUITY,负债和所有者权益(或股东权益),负债和所有者权益(或股东权益),1,3,分组/标题,
资产负债表,LEE,负债和所有者权益的特殊项目,负债和所有者权益的特殊项目,2,0,金额类,
资产负债表,LEA,负债和所有者权益的差错金额,负债和所有者权益的差错金额,2,0,金额类,
资产负债表,tLiaEquity,负债和所有者权益总计,负债和所有者权益总计,2,0,金额类,
利润表,tRevenue,营业总收入,营业总收入,1,0,金额类,
利润表,revenue,营业收入,营业收入,2,0,金额类,
利润表,intIncome,利息收入,利息收入,2,0,金额类,
利润表,premEarned,已赚保费,已赚保费,2,0,金额类,
利润表,commisIncome,手续费及佣金收入,手续费及佣金收入,2,0,金额类,
利润表,specOr,营业收入的特殊项目,营业收入的特殊项目,2,0,金额类,
利润表,AOR,营业总收入的差错金额,营业总收入的差错金额,2,0,金额类,
利润表,tCogs,营业总成本,营业总成本,1,0,金额类,
利润表,COGS,营业成本,营业成本,2,0,金额类,
利润表,intExp,利息支出,利息支出,2,0,金额类,
利润表,commisExp,手续费及佣金支出,手续费及佣金支出,2,0,金额类,
利润表,premRefund,退保金,退保金,2,0,金额类,
利润表,nCompensPayout,赔付支出净额,赔付支出净额,2,0,金额类,
利润表,reserInsurContr,提取保险合同准备金净额,提取保险合同准备金净额,2,0,金额类,
利润表,policyDivPayt,保单红利支出,保单红利支出,2,0,金额类,
利润表,reinsurExp,分保费用,分保费用,2,0,金额类,
利润表,bizTaxSurchg,税金及附加,税金及附加,2,0,金额类,
利润表,sellExp,销售费用,销售费用,2,0,金额类,
利润表,adminExp,管理费用,管理费用,2,0,金额类,
利润表,rDExp,研发费用,研发费用,2,0,金额类,
利润表,finanExp,财务费用,财务费用,2,0,金额类,
利润表,intExpFinanExp,其中:利息费用,  其中:利息费用,2,0,金额类,
利润表,intIncomeFinanExp,其中:利息收入,  其中:利息收入,2,0,金额类,
利润表,specToc,营业总成本的特殊项目,营业总成本的特殊项目,2,0,金额类,
利润表,ATOC,营业总成本的差错金额,营业总成本的差错金额,2,0,金额类,
利润表,othGain,其他收益,其他收益,2,0,金额类,
利润表,investIncome,投资收益,投资收益,2,0,金额类,
利润表,aJInvestIncome,其中:对联营企业和合营企业的投资收益,  其中:对联营企业和合营企业的投资收益,2,0,金额类,
利润表,tafQuitGain,以摊余成本计量的金融资产终止确认收益,  以摊余成本计量的金融资产终止确认收益,2,0,金额类,
利润表,netExpHIncome,净敞口套期收益,净敞口套期收益,2,0,金额类,
利润表,fValueChgGain,公允价值变动收益,公允价值变动收益,2,0,金额类,
利润表,assetsImpairLoss,资产减值损失,资产减值损失,2,0,金额类,
利润表,creditImpairLoss,信用减值损失,信用减值损失,2,0,金额类,
利润表,assetsDispGain,资产处置收益,资产处置收益,2,0,金额类,
利润表,forexGain,汇兑收益,汇兑收益,2,0,金额类,
利润表,othEffectOp,影响营业利润的特殊项目,影响营业利润的特殊项目,2,0,金额类,
利润表,aeEffectOp,影响营业利润的差错金额,影响营业利润的差错金额,2,0,金额类,
利润表,operateProfit,营业利润,营业利润,1,0,金额类,
利润表,noperateIncome,营业外收入,营业外收入,2,0,金额类,
利润表,noperateExp,营业外支出,营业外支出,2,0,金额类,
利润表,ncaDisploss,其中:非流动资产处置损失,  其中:非流动资产处置损失,2,0,金额类,
利润表,othEffectTp,影响利润总额的特殊项目,影响利润总额的特殊项目,2,0,金额类,
利润表,aeEffectTp,影响利润总额的差错金额,影响利润总额的差错金额,2,0,金额类,
利润表,tProfit,利润总额,利润总额,1,0,金额类,
利润表,incomeTax,所得税费用,所得税费用,2,0,金额类,
利润表,othEffectNp,影响净利润的特殊项目,影响净利润的特殊项目,2,0,金额类,
利润表,aeEffectNp,影响净利润的差错金额,影响净利润的差错金额,2,0,金额类,
利润表,nIncome,净利润,净利润,1,0,金额类,
利润表,nIncomeBma,其中:被合并方在合并前实现的净利润,其中:被合并方在合并前实现的净利润,2,0,金额类,
利润表,nIncomeAttrP,归属于母公司所有者的净利润,归属于母公司所有者的净利润,2,0,金额类,
利润表,minorityGain,少数股东损益,少数股东损益,2,0,金额类,
利润表,goingConcernNi,持续经营净利润,持续经营净利润,2,0,金额类,
利润表,quitConcernNi,终止经营净利润,终止经营净利润,2,0,金额类,
利润表,othEffectNpp,影响净利润分配的特殊项目,影响净利润分配的特殊项目,2,0,金额类,
利润表,aeEffectNpp,影响净利润分配的差错金额,影响净利润分配的差错金额,2,0,金额类,
利润表,EPS,每股收益,每股收益,1,3,分组/标题,
利润表,basicEps,每股收益-基本,每股收益-基本,2,2,每股类,
利润表,dilutedEps,每股收益-稀释,每股收益-稀释,2,2,每股类,
利润表,othComprIncome,其他综合收益,其他综合收益,1,0,金额类,
利润表,othEffectCi,影响综合收益总额的特殊项目,影响综合收益总额的特殊项目,2,0,金额类,
利润表,aeEffectCi,影响综合收益总额的差错金额,影响综合收益总额的差错金额,2,0,金额类,
利润表,tComprIncome,综合收益总额,综合收益总额,1,0,金额类,
利润表,comprIncAttrP,归属于母公司所有者的综合收益总额,归属于母公司所有者的综合收益总额,2,0,金额类,
利润表,comprIncAttrMS,归属于少数股东的综合收益总额,归属于少数股东的综合收益总额,2,0,金额类,
利润表,othEffectPci,影响综合收益总额分配的特殊项目,影响综合收益总额分配的特殊项目,2,0,金额类,
利润表,aeEffectPci,影响综合收益总额分配的差错金额,影响综合收益总额分配的差错金额,2,0,金额类,
现金流量表,CF_OPERATE_A,经营活动产生的现金流量,经营活动产生的现金流量,1,3,分组/标题,
现金流量表,CFrSaleGS,销售商品、提供劳务收到的现金,销售商品、提供劳务收到的现金,2,0,金额类,
现金流量表,NDeposIncrCFI,客户存款和同业存放款项净增加额,客户存款和同业存放款项净增加额,2,0,金额类,
现金流量表,NIncrBorrFrCB,向中央银行借款净增加额,向中央银行借款净增加额,2,0,金额类,
现金流量表,NIncBorrOthFI,向其他金融机构拆入资金净增加额,向其他金融机构拆入资金净增加额,2,0,金额类,
现金流量表,premFrOrigContr,收到原保险合同保费取得的现金,收到原保险合同保费取得的现金,2,0,金额类,
现金流量表,NReinsurPrem,收到再保险业务现金净额,收到再保险业务现金净额,2,0,金额类,
现金流量表,NIncPhDeposInv,保户储金及投资款净增加额,保户储金及投资款净增加额,2,0,金额类,
现金流量表,NIncDispTradFA,处置交易性金融资产净增加额,处置交易性金融资产净增加额,2,0,金额类,
现金流量表,IFCCashIncr,收取利息、手续费及佣金的现金,收取利息、手续费及佣金的现金,2,0,金额类,
现金流量表,NIncFrBorr,拆入资金净增加额,拆入资金净增加额,2,0,金额类,
现金流量表,NCApIncrRepur,回购业务资金净增加额,回购业务资金净增加额,2,0,金额类,
现金流量表,refundOfTax,收到的税费返还,收到的税费返还,2,0,金额类,
现金流量表,CFrOthOperateA,收到其他与经营活动有关的现金,收到其他与经营活动有关的现金,2,0,金额类,
现金流量表,specOCIF,经营活动现金流入的特殊项目,经营活动现金流入的特殊项目,2,0,金额类,
现金流量表,AOCIF,经营活动现金流入的差错金额,经营活动现金流入的差错金额,2,0,金额类,
现金流量表,CInfFrOperateA,经营活动现金流入小计,经营活动现金流入小计,2,0,金额类,
现金流量表,CPaidGS,购买商品、接受劳务支付的现金,购买商品、接受劳务支付的现金,2,0,金额类,
现金流量表,NIncDisburOfLA,客户贷款及垫款净增加额,客户贷款及垫款净增加额,2,0,金额类,
现金流量表,NIncrDeposInFI,存放中央银行和同业款项净增加额,存放中央银行和同业款项净增加额,2,0,金额类,
现金流量表,origContrCIndem,支付原保险合同赔付款项的现金,支付原保险合同赔付款项的现金,2,0,金额类,
现金流量表,CPaidIFC,支付利息、手续费及佣金的现金,支付利息、手续费及佣金的现金,2,0,金额类,
现金流量表,CPaidPolDiv,支付保单红利的现金,支付保单红利的现金,2,0,金额类,
现金流量表,CPaidToForEmpl,支付给职工以及为职工支付的现金,支付给职工以及为职工支付的现金,2,0,金额类,
现金流量表,CPaidForTaxes,支付的各项税费,支付的各项税费,2,0,金额类,
现金流量表,CPaidForOthOpA,支付其他与经营活动有关的现金,支付其他与经营活动有关的现金,2,0,金额类,
现金流量表,specOCOF,经营活动现金流出的特殊项目,经营活动现金流出的特殊项目,2,0,金额类,
现金流量表,AOCOF,经营活动现金流出的差错金额,经营活动现金流出的差错金额,2,0,金额类,
现金流量表,COutfOperateA,经营活动现金流出小计,经营活动现金流出小计,2,0,金额类,
现金流量表,ANOCF,经营活动现金流量净额的差错金额,经营活动现金流量净额的差错金额,2,0,金额类,
现金流量表,NCFOperateA,经营活动产生的现金流量净额,经营活动产生的现金流量净额,2,0,金额类,
现金流量表,CF_FR_INVEST_A,投资活动产生的现金流量,投资活动产生的现金流量,1,3,分组/标题,
现金流量表,procSellInvest,收回投资收到的现金,收回投资收到的现金,2,0,金额类,
现金流量表,gainInvest,取得投资收益收到的现金,取得投资收益收到的现金,2,0,金额类,
现金流量表,dispFixAssetsOth,处置固定资产、无形资产和其他长期资产收回的现金净额,处置固定资产、无形资产和其他长期资产收回的现金净额,2,0,金额类,
现金流量表,NDispSubsOthBizC,处置子公司及其他营业单位收到的现金净额,处置子公司及其他营业单位收到的现金净额,2,0,金额类,
现金流量表,CFrOthInvestA,收到其他与投资活动有关的现金,收到其他与投资活动有关的现金,2,0,金额类,
现金流量表,specCIF,投资活动现金流入的特殊项目,投资活动现金流入的特殊项目,2,0,金额类,
现金流量表,ACIF,投资活动现金流入的差错金额,投资活动现金流入的差错金额,2,0,金额类,
现金流量表,CInfFrInvestA,投资活动现金流入小计,投资活动现金流入小计,2,0,金额类,
现金流量表,purFixAssetsOth,购建固定资产、无形资产和其他长期资产支付的现金,购建固定资产、无形资产和其他长期资产支付的现金,2,0,金额类,
现金流量表,CPaidInvest,投资支付的现金,投资支付的现金,2,0,金额类,
现金流量表,NIncrPledgeLoan,质押贷款净增加额,质押贷款净增加额,2,0,金额类,
现金流量表,NCPaidAcquis,取得子公司及其他营业单位支付的现金净额,取得子公司及其他营业单位支付的现金净额,2,0,金额类,
现金流量表,CPaidOthInvestA,支付其他与投资活动有关的现金,支付其他与投资活动有关的现金,2,0,金额类,
现金流量表,specCOF,投资活动现金流出的特殊项目,投资活动现金流出的特殊项目,2,0,金额类,
现金流量表,ACOF,投资活动现金流出的差错金额,投资活动现金流出的差错金额,2,0,金额类,
现金流量表,COutfFrInvestA,投资活动现金流出小计,投资活动现金流出小计,2,0,金额类,
现金流量表,ANICF,投资活动现金流量净额的差错金额,投资活动现金流量净额的差错金额,2,0,金额类,
现金流量表,NCFFrInvestA,投资活动产生的现金流量净额,投资活动产生的现金流量净额,2,0,金额类,
现金流量表,CF_FR_FINAN_A,筹资活动产生的现金流量,筹资活动产生的现金流量,1,3,分组/标题,
现金流量表,CFrCapContr,吸收投资收到的现金,吸收投资收到的现金,2,0,金额类,
现金流量表,CFrMinoSSubs,其中:子公司吸收少数股东投资收到的现金,  其中:子公司吸收少数股东投资收到的现金,2,0,金额类,
现金流量表,CFrBorr,取得借款收到的现金,取得借款收到的现金,2,0,金额类,
现金流量表,CFrIssueBond,发行债券收到的现金,发行债券收到的现金,2,0,金额类,
现金流量表,CFrOthFinanA,收到其他与筹资活动有关的现金,收到其他与筹资活动有关的现金,2,0,金额类,
现金流量表,specFCIF,筹资活动现金流入的特殊项目,筹资活动现金流入的特殊项目,2,0,金额类,
现金流量表,AFCIF,筹资活动现金流入的差错金额,筹资活动现金流入的差错金额,2,0,金额类,
现金流量表,CInfFrFinanA,筹资活动现金流入小计,筹资活动现金流入小计,2,0,金额类,
现金流量表,CPaidForDebts,偿还债务支付的现金,偿还债务支付的现金,2,0,金额类,
现金流量表,CPaidDivProfInt,分配股利、利润或偿付利息支付的现金,分配股利、利润或偿付利息支付的现金,2,0,金额类,
现金流量表,divProfSubsMinoS,其中:子公司支付给少数股东的股利、利润,  其中:子公司支付给少数股东的股利、利润,2,0,金额类,
现金流量表,CPaidOthFinanA,支付其他与筹资活动有关的现金,支付其他与筹资活动有关的现金,2,0,金额类,
现金流量表,specFCOF,筹资活动现金流出的特殊项目,筹资活动现金流出的特殊项目,2,0,金额类,
现金流量表,AFCOF,筹资活动现金流出的差错金额,筹资活动现金流出的差错金额,2,0,金额类,
现金流量表,COutfFrFinanA,筹资活动现金流出小计,筹资活动现金流出小计,2,0,金额类,
现金流量表,ANFCF,筹资活动现金流量净额的差错金额,筹资活动现金流量净额的差错金额,2,0,金额类,
现金流量表,NCFFrFinanA,筹资活动产生的现金流量净额,筹资活动产生的现金流量净额,2,0,金额类,
现金流量表,FOREX_EFFECTS,汇率变动对现金及现金等价物的影响,汇率变动对现金及现金等价物的影响,1,3,分组/标题,
现金流量表,forexEffects,汇率变动对现金及现金等价物的影响,汇率变动对现金及现金等价物的影响,2,0,金额类,
现金流量表,othEffectCE,影响现金及现金等价物的特殊项目,影响现金及现金等价物的特殊项目,2,0,金额类,
现金流量表,ACE,现金及现金等价物的差错金额,现金及现金等价物的差错金额,2,0,金额类,
现金流量表,CASH,现金及现金等价物,现金及现金等价物,1,3,分组/标题,
现金流量表,NChangeInCash,现金及现金等价物净增加额,现金及现金等价物净增加额,2,0,金额类,
现金流量表,NCEBegBal,加:期初现金及现金等价物余额,加:期初现金及现金等价物余额,2,0,金额类,
现金流量表,othEffectCEI,影响期末现金及现金等价物余额的特殊项目,影响期末现金及现金等价物余额的特殊项目,2,0,金额类,
现金流量表,ACEI,期末现金及现金等价物余额的差错金额,期末现金及现金等价物余额的差错金额,2,0,金额类,
现金流量表,NCEEndBal,期末现金及现金等价物余额,期末现金及现金等价物余额,2,0,金额类,
关键指标,FDMT_INDIC_PS,每股指标,每股指标,1,3,分组/标题,
关键指标,basicEps,每股收益-基本,每股收益-基本,2,2,每股类,
关键指标,dilutedEps,每股收益-稀释,每股收益-稀释,2,2,每股类,
关键指标,basicEpsCut,每股收益-扣除/基本,每股收益-扣除/基本,2,2,每股类,
关键指标,dilutedEpsCut,每股收益-扣除/稀释,每股收益-扣除/稀释,2,2,每股类,
关键指标,eps,每股收益-期末股本摊薄,每股收益-期末股本摊薄,2,2,每股类,
关键指标,epsCut,每股收益-扣除/期末股本摊薄,每股收益-扣除/期末股本摊薄,2,2,每股类,
关键指标,nAssetPs,每股净资产,每股净资产,2,2,每股类,
关键指标,tRevPs,每股营业总收入,每股营业总收入,2,2,每股类,
关键指标,revPs,每股营业收入,每股营业收入,2,2,每股类,
关键指标,opPs,每股营业利润,每股营业利润,2,2,每股类,
关键指标,ebitPs,每股息税前利润,每股息税前利润,2,2,每股类,
关键指标,ebitdaPs,每股EBITDA,每股EBITDA,2,2,每股类,
关键指标,rePs,每股未分配利润,每股未分配利润,2,2,每股类,
关键指标,tRePs,每股留存收益,每股留存收益,2,2,每股类,
关键指标,nCFOperAPs,每股经营活动产生的现金流量净额,每股经营活动产生的现金流量净额,2,2,每股类,
关键指标,nCInCashPs,每股现金流量净额,每股现金流量净额,2,2,每股类,
关键指标,fcffPs,每股企业自由现金流量,每股企业自由现金流量,2,2,每股类,
关键指标,fcfePs,每股股东自由现金流量,每股股东自由现金流量,2,2,每股类,
关键指标,cReserPs,每股资本公积,每股资本公积,2,2,每股类,
关键指标,sReserPs,每股盈余公积,每股盈余公积,2,2,每股类,
关键指标,reserPs,每股公积金,每股公积金,2,2,每股类,
主营构成,mainOperIncome,营业总收入,营业总收入,0,,,
主营构成,mainOperCost,营业成本,营业成本,0,,,
主营构成,grossProfitRate,毛利率,毛利率,0,,,
主营构成,grossProfit,毛利,毛利,0,,,
